[
    {
        "key": "5501",
        "name": "Sarah Johnson",
        "img": "https://stylemixthemes.com/masterstudy/language-center/wp-content/uploads/sites/15/2015/07/4-270x238.jpg", 
        "propeson": " German  speaker",
        "desc": "Before engineering, I developed and implemented CI (Continuous Improvement) management systems in companies across America."
    },
    
    {
        "key": "5502",
        "name": "Leonardo Bonucci",
        "img": "https://stylemixthemes.com/masterstudy/language-center/wp-content/uploads/sites/15/2015/07/1-2-270x238.jpg", 
        "price": 99.36,
        "propeson": " English  speaker",
        "desc": "Having years of Industry experience, he works on many project and at present he is providing Consultancy for many renowned IT companies. "
    },
    
    {
        "key": "5503",
        "name": "Cindy Chow",
        "img": "https://stylemixthemes.com/masterstudy/language-center/wp-content/uploads/sites/15/2015/07/2-2-270x238.jpg", 
        "price": 70.36,
        "propeson": " Canadian  speaker",
        "desc": " Before engineering, I developed and implemented CI (Continuous Improvement) management systems in companies across America."
    },
    {
        "key": "5504",
        "name": "Peter Parker",
        "img": "https://stylemixthemes.com/masterstudy/language-center/wp-content/uploads/sites/15/2015/07/3-2-270x238.jpg", 
        "price": 70.36,
        "propeson": "Chian spaker",
        "desc": "Having years of Industry experience, he works on many project and at present he is providing Consultancy for many renowned IT companies. "
    }
   
    
    
]